col_zero,col_one,col_two
Halothane Inhalation 250ml (Halothane with vaporizer)** Inhalation** Inhalation
Isoflurane Inhalation** Inhalation** Inhalation
Ketamine Hydrochloride 10 mg / ml Injection 10ml** ** 10 mg / ml
Ketamine Hydrochloride 10 mg / ml Injection 10ml** ** 50mg/ml
Nitrous Oxide** Inhalation** Inhalation
Oxygen Inhalation** Inhalation** Inhalation
Thiopentone Sodium** Injection** 0.5 g powder
Thiopentone Sodium** Injection** 1g  powder
Sevoflurane Inhalation 250ml Bott** Inhalation** Inhalation
Propofol** Injection** 0.01
Desflurane 250 ml** Inhalation** 250 ml
Bupivacaine Hydrochloride** Injection** 0.0025
Bupivacaine Hydrochloride** Injection** 0.005
Bupivacaine in Dextrose** Injection** 0.5% +7.5%
Ethyl Chloride** Spray** 0.01
Lignocaine Hcl** Gel** 2-5%
Lignocaine Hcl** Injection** 0.02
Lignocaine Hydrochloride and Dextrose** Injection** 5% +7.5%
Lignocaine Hydrochloride and Adrenaline Bitartrate 1% + Adrenaline   1:200,000** Injection** 1% + Adrenaline 1:200,000
Lignocaine Hydrochloride and Adrenaline Bitartrate Injection  2% + Adrenaline 1:200,000** Injection** 2% + Adrenaline 1:200,000
Benzocaine** Gel** 0.2
Xylocaine  spray** Spray** 0.1
Atropine Sulphate** Injection** 0.6 mg / ml
Diazepam** Injection** 5 mg / ml
Midazolam** Injection** 1 mg / ml
Midazolam** Injection** 5mg/ml
Dexmedetomidine** Injection** 100mg/ml
Glycopyrroolate** Injection** 0.2 mg/ml
Atropine Sulphate** Injection** 1 mg/ml
Doxapram Hydrochloride** Injection** 4 mg / ml
Diclofenac Sodium** Tablet** 50 mg
Diclofenac Sodium** Injection** 25 mg / ml
Ibuprofen** Tablet** 200 mg
Ibuprofen** Tablet** 400mg
Paracetamol** Injection** 150 mg / ml
Paracetamol** Syrup** 125 mg / 5ml
Paracetamol** Tablet** 500 mg
Ibupfofen 400mg + Dextropropoxyphene 65mg** Tablet** 400mg + 65mg
Paracetamol + Dextropropoxyphene** Tablet** Paracetamol 500mg + Dextropropoxyphene 65mg
Fentanyl** Injection** 50ug/ml 2ml ampoule
Diclofenac gel** Ointment** 1%w/v
Lornoxicam** Tablet** 8mg
Mefenamic acid** Tablet** Tablet
Nimesulide** Tablet** 100mg
Morphine sulphate** Injection** 10mg/ml
Morphine sulphate** Tablet** 10mg
Pentazocine Hydrochloride** Tablet** 25 mg
Pentazocine Lactate** Injection** 30 mg / ml
Pethidine Hydrochloride** Injection** 50 mg / ml
Morphine sulphate** Injection** 2mg/ml
Tramadol** Injection** 50 mg/ ml
Sufentanil citrate** Injection** 50 mcg (0.05 mg)
Allopurinol** Tablet** 100 mg
Colchicine** Tablet** 0.5mg
Sulfasalazine** Tablet** 500 mg
Leflunomide** Tablet** 10mg
Diacerein** Tablet** 50mg
Diacerein** Capsule** 50mg
Etoricoxib** Tablet** 90mg
Leflunomide** Tablet** 20 mg
Adrenaline Bitartrate** Injection** 1 mg / ml
Chlorpheniramine Maleate** Tablet** 4 mg
Dexchlorpheniramine Maleate** Syrup** 0.5 mg / 5 ml
Dexamethasone** Tablet** 0.5mg
Dexamethasone Sodium Phosphate** Injection** 4 mg / ml
Pheniramine Maleate** Injection** 22.75 mg / ml
Fexofenadine 120mg Tablet** Tablet** 120mg
Fexofenadine 180mg Tablet** Tablet** 180mg
Cetrizine** Tablet** 10mg
Methyl Prednisolone Acetate** Injection** 500mg
Azelastine HCL** Nasal Spray** 0.001
Fluticasone Propionate** Nasal spray** 100mcg
Cetrizine** Syrup** 5mg/5ml
Cyproheptadine** Tablet** 4mg
Fluticasone Propionate** Nasal spray** 50mcg
Hydroxyzine Hcl** Tablet** 10mg
Hydroxyzine Hcl** Tablet** 25mg
Hydroxyzine Hcl** Syrup** 10mg/5ml
Levocitrizine Hydrochloride** Tablet** 5mg
Loratadine** Tablet** 10mg
Pheniramine Maleate** Tablet** 25 mg
Activated Charcoal** Powder** Powder
Activated Charcoal** Tablet** Tablet
Antisnake Venom Injection Polyvalent Solution/ Lyophilyzed Polyvalent Serum Snake Venom Antiserum** Injection** 10 ml
Calcium Gluconate** Injection** 100 mg / ml
Desferrioxamine Mesylate** Injection** 500mg
Dimercaprol** Injection** 50 mg / ml
Flumazenil** Injection** 0.1 mg / ml
Methylthioninium Chloride (Methylene blue)** Injection** 10 mg / ml
Naloxone Hcl** Injection** 0.4 mg / ml
Penicillamine** Tablet** 250 mg
Pralidoxime Chloride(2-PAM)** Injection** 25 mg/ml
Sodium Nitrite** Injection** 30 mg / ml
Oral Iron Chelating Agent (Calfer)** Tablet** 250mg
DEFERASIROX 100/400** ** 100/400
Deferasirox** Tablet** 250mg
Deferasirox** Tablet** 500mg
Flumazenil** Injection** 2mg
Naloxone Hcl** ** 20 mcg /ml
Sodium Thiosulphate** Injection** 250mg/ml
Carbamazepine** Tablet** 100 mg
Carbamazepine** Tablet** 200mg
Carbamazepine** Syrup** 100 mg / 5 ml
Magnesium Sulphate** Injection** 500 mg /ml
Phenobarbitone** Tablet** 30 mg
Phenobarbitone** Tablet** 60mg
Phenobarbitone** Injection** 200 mg / ml
Phenytoin Sodium** Tablet** 50mg
Phenytoin Sodium** Tablet** 100 mg
Phenytoin sodium** Syrup** 125mg/5ml
Phenytoin Sodium** Injection** 50 mg / ml
Sodium Valproate** Tablet** 200 mg
Sodium Valproate** Tablet** 500mg
Sodium Valproate** Solution** 200 mg / 5 ml
Carbamazepine control release** Tablet** 400 mg control release
Gabapentin** Tablet** 300 mg
Leveteracetam** Injection** 100mg/ml
Leveteracetam** Tablet** 500mg
Oxacarbamazepine** Tablet** 150 mg
Oxacarbamazepine** Tablet** 300mg
Oxacarbamazepine** Tablet** 250mg
Sodium Valproate** Injection** 100mg/ml.
Topiramate** Tablet** 25mg
Zonisamide** Tablet** 100mg.
Albendazole** Tablet** 400 mg
Albendazole** Suspension** 200 mg/ 5 ml
Mebendazole** Tablet** 100 mg
Mebendazole** Suspension** 100 mg / 5 ml
Pyrantel Pamoate** Suspension** 250 mg / 5 ml
Ivermectin + Albendazol** Tablet** Tablet
Levamisole** Tablet** 55 mg
Diethylcarbamazine Citrate** Tablet** 50mg
Amoxycillin** Suspension** 125 mg / 5 ml
Amoxycillin Trihydrate** Cap** 250 mg
Amoxycillin Trihydrate** Cap** 500mg
Ampicillin** Cap** 250mg
Ampicillin** Cap** 500mg
Ampicillin** Suspension** 125 mg / 5 ml
Ampicillin Sodium** Injection** 500 mg
Benzathine Penicillin** Injection** 6 lac
Benzathine Penicillin** Injection** 12 lacs
Benzyl Penicillin 5 lacs units Injection** Injection** 5lac
Benzyl Penicillin 10 lacs units Injection** Injection** 10 lacs
Cefotaxime** Injection** 125 mg
Cefotaxime** Injection** 250 mg
Cefotaxime** Injection** 500mg
Ceftazidime** Injection** 250mg
Ceftazidime** Injection** 1g
Ceftriaxone Sodium** Injection** 250mg
Ceftriaxone Sodium** Injection** 1 g
Cefuroxime Sodium** Injection** 250 mg
Cefuroxime Sodium** Injection** 750mg
Cloxacillin Sodium** Capsule** 250mg
Cloxacillin Sodium** Capsule** 500mg
Cloxacillin Sodium** Injection** 250mg
Cloxacillin Sodium** Liquid** 125 mg / 5 ml
Fortified Procaine Penicillin Injection** Injection** Injection
Cefoperazone + Sulbactum** Injection** 0.5g + 0.5g
Cefoperazone + Sulbactum** Injection** 1g. + 1g.
Ampicillin + Cloxacillin** Tablet** 250mg + 250mg
Ampicillin + Cloxacillin** Injection** 250mg + 250mg
Amoxycillin  + Cloxacillin** Tablet** 250mg + 250mg
Amoxycillin  + Cloxacillin** Injection** 250mg + 250mg
Ticarcillin + Clavulinic Acid (3G+0.1G)** Injection** (3G+0.1G)
Ampicillin  + Salbactum** Injection** 1G + 0.5G
Cefuroxine Axetil** Tablet** 250mg
Cefuroxime Axetil** Tablet** 500 mg
Cefixime** Tablet** 200mg
Cefaclor** Capsule** 500mg
Cefpodoxime Proxetil** Tablet** 100mg
Cefpodoxime Proxetil** Tablet** 200mg
Cefadroxine** Tablet** 500mg
Cefoperazone** Injection** 500mg
Cefoperazone** Injection** 1g
Imipenem Hydrochloride** Injection** 1g
Amoxycillin + Calvulanic Acid** Syrup** 200mg + 28.5mg/5ml
Amoxycillin + Calvulanic Acid** Tablet** 250mg + 125mg
Amoxycillin  + Cloxacillin** Tab/cap** 125mg + 125mg
Amoxycillin + Calvulanic Acid** Cap** 500mg+125mg
Amoxycillin + Calvulanic Acid** Injection** 1gm+200mg
Amoxycillin + Calvulanic Acid** Injection** 1gm+600 mg
Amoxycillin  (DT)** Tablet** 125 mg
Aztreonam** Injection** 1gm
Cefazoline** Injection** 250mg
Cefazoline** Injection** 500mg
Cefepime** Injection** 1gm
Cefixime** Tablet** 100mg
Cefixime** Syrup** 50mg/5ml
Cefotaxime** Injection** 1g
Ceftazidime** Injection** 500mg
Imipenem .** Injection** 500 mg
Imipenem 500 mg+cilastatin 500 mg** Injection** 500 mg+ 500 mg
Amikacin** Injection** 250 mg / 2 ml
Azithromycin** Capsule** 100 mg
Azithromycin** Capsule** 250mg
Azithromycin** Capsule** 500mg
Azithromycin** Suspension** 100 mg / 5 ml
Azithromycin** Injection** 500 mg
Cephalexin** Suspension** 125 mg / 5 ml
Cephalexin** Capsule** 250 mg
Cephalexin** Capsule** 500mg
Clarithromycin** Tablet** 500mg
Chloramphenicol Sodium Succinate** Injection** 1 g
Chloramphenicol Palmitate** Suspension** 125 mg / 5 ml
Chloramphenicol** Capsule** 250 mg
Ciprofloxacin** Injection** 200mg
Ciprofloxacin Hydrochloride** Tablet** 250mg
Ciprofloxacin Hydrochloride** Tablet** 500mg
Trimethoprim & Sulphamethoxazole** Tablet** (80mg +400mg )
Trimethoprim & Sulphamethoxazole** Suspension** (40mg +200 mg) / 5 ml
Doxycycline Hydrochloride** Capsule** 100mg
Erythromycin Estolate** Suspension** 125 mg / 5 ml
Erythromycin Estolate** Tablet** 250 mg
Erythromycin Estolate** Tablet** 500mg
Gentamicin Sulphate** Injection** 10 mg / ml
Gentamicin Sulphate** Injection** 40mg/ml
Metronidazole** Injection** 500 mg /100 ml
Nalidixic Acid** Tablet** 250 mg
Nalidixic Acid** Tablet** 500mg
Nitrofurantoin** Tablet** 100 mg
Norfloxacin** Tablet** 400 mg
Roxithromycin** Tablet** 50 mg
Sulphadiazine** Tablet** 500 mg
Tetracycline Hydrochloride** Capsule** 250 mg
Vancomycin Hydrochloride** Injection** 500mg
Vancomycin Hydrochloride** Injection** 1g
Ofloxacin** Tablet** 100mg
Ofloxacin** Tablet** 200mg
Ofloxacin** Syrup** 50mg/5ml
Piperacillin** Injection** 1gm
Piperacillin** Injection** 4gm
Livofloxacin** Tablet** 500mg
Livofloxacin** Injection** 500mg
Tobramycin** Injection** 80mg
Clarithromycin** Tablet** 250mg
Teicoplanin** Injection** 200mg
Teicoplanin** Injection** 400mg
Linezolid** Tablet** 600mg
Piperacillin +Tazobactum** Injection** Piperacillin+Tazobactum (4GM+500MG )
Meropenem  1g Inj. Vial** Injection** 1g
Meropenem  2g Inj. Vial** Injection** 2g
Linezolid** Injfusion** 2mg/ml
Colistin Sulphate** Syrup** 12.5 mg x 30ml
Erythromycin stearate** Suspension** 125mg/5ml
Erythromycin stearate** Tablet** 250mg
Netlimicin** Injection** 50mg/ml
Netlimicin** Injection** 300mg/3ml
Norfloxacin  (DT)** Tablet** 100 mg
Piperacillin +Tazobactum** Injection** Piperacillin+Tazobactum (2GM+250MG)
Piperacillin +Tazobactum** Injection** Piperacillin+Tazobactum (3.5G+1G)
Trimethoprim & Sulphamethoxazole** Tablet** (160mg +800mg )
Ofloxacin** Infusion** 200 mg/100ml
Clofazimine** Capsule** 50mg
Clofazimine** Capsule** 100mg
Dapsone** Tablet** 50mg
Dapsone** Tablet** 100mg
Amphotericin -B** Injection** 50 mg
Clotrimazole** Pessary** 100mg
Clotrimazole** Pessary** 200mg
Clotrimazole** Gel** 2% Gel
Fluconazole** Tablet** 50mg
Fluconazole** Tablet** 100 mg
Fluconazole** Tablet** 150mg
Fluconazole** Tablet** 200mg
Flucytosine** Capsule** 250 mg
Griseofulvin** Tablet** 125 mg
Griseofulvin** Tablet** 250mg
Ketoconazole** Tablet** 200 mg
Nystatin** Tablet** 500,000 IU
Nystatin** Pessary** 100,000 IU
Amphotericin -B lipid complex** Injection** 100 mg/20ml
Clotrimazole** Lotion** 1%w/v
Clotrimazole** Cream** 1%w/w
Clotrimazole + Clindamyain  Vag** Tablet** Tablet
Fluconazole** Injection** 200mg/100ml
Fluconazole 100 mg(scored tab. only )** Tablet** 100 mg
5-Flucytosine** Injection** Injection
Aciclovir** Tablet** 200 mg
Aciclovir** Tablet** 400mg
Aciclovir** Injection I.V Infusion** 250 mg
Aciclovir** Injection I.V Infusion** 500mg
Famciclobir** Tablet** 250mg
Ganciclovir lyophilised 500 mg/vial** vial** 500 mg/ vial
Aciclovir** Suspension** 400 mg / 5 ml
Didanosine** Tablet** 250mg
Didanosine** Tablet** 400mg
Lamivudine** Tablet** 150 mg
Lamivudine + Nevirapine + Stavudine(150 mg+ 200 mg + 30 mg )** Tablet** 150 mg + 200 mg + 30 mg
Lamivudine + Zidovudine (150 mg + 300 mg)** Tablet** 150 mg + 300 mg
Stavudine** Capsule** 15mg
Stavudine** Capsule** 30mg
Stavudine** Capsule** 40mg
Zidovudine** Tablet** 100 mg
Zidovudine** Tablet** 300mg
Efavirenz** Capsule** 200mg
Efavirenz** Capsule** 600mg
Nevirapine** Capsule** 200 mg
Nevirapine** Suspension** 50mg / 5ml
Indinavir** Capsule** 200 mg
Indinavir** Capsule** 400mg
Nelfinavir** Capsule** 250 mg
Ritonavir** Capsule** 100 mg
Ritonavir** Syrup** 400 mg / 5ml
Saquinavir** Capsule** 200 mg
Diloxanide Furoate** Tablet** 500mg
Metronidazole** Tablet** 200 mg
Metronidazole** Tablet** 400mg
Tinidazole** Tablet** 500 mg
Metronidazole** Syrup** 100 mg/5ml
Nitazoxanide** Tablet** 500 mg
Ornidazol** Tablet** 400mg
Ornidazol** Tablet** 500mg
Sodium Stilbogluconate** Injection** 100 mg / ml
Artesunate** Injection** 60 mg
Chloroquine Phosphate (equivlent to 150mg base)** Tablet** 150 mg base
Chloroquine Phosphate (equivlent to 40mg of Chloroquine/ml** Injection** 40mg /ml
Chloroquine Phosphate** Syrup** 50 mg / 5 ml
Primaquine** Tablet** 2.5 mg
Primaquine** Tablet** 7.5mg
Pyrimethamine** Tablet** 25mg
Quinine Sulphate** Tablet** 300 mg
Quinine Dihydrochloride** Injection** 300mg/ml
Pyrimethamine and Sulfadoxine** Tablet** 25mg+500mg
Trimethoprim** Tablet** 100 mg
Dihydroxychloroquin** Tablet** 200mg
Artesunate** Tablet** 50mg
Clindamycin** Capsule** 150mg
Clindamycin** Capsule** 300mg
Clindamycin** Injection** 600 mg /4 ml
Hydroxy Chloroquin sulphate** Tablet** 200mg
Quinine Sulphate** Injection** 300mg/ml
Acetyl Salicylic Acid** Tablet** 325 mg
Dihydroergotamine** Tablet** 1 mg
Sumatriptan Sodium Succinate** Tablet** 25mg
Sumatriptan Sodium Succinate** Tablet** 50mg
Rizatriptan** Tablet** 5mg
Flunarizine** Tablet** 5mg
Flunarizine** Tablet** 10mg
Azathioprine** Tablet** 50 mg
Cyclosporine** Capsule** 10 mg
Cyclosporine** Capsule** 25 mg,
Cyclosporin** Capsule** 50mg
Cyclosporin** Capsule** 100mg
Cyclosporine  Concentrate** Injection** 100 mg/ml
Anti thymocyle globulin (A T G )** Injection** 250mg
Actinomycin D** Injection** 0.5 mg
Alpha 2-A Interferon 3 million IU Injection** Injection** 3 million IU
Alpha 2-B Interferon 3 million IU Injection** Injection** 3 million IU
Bleomycin** Injection** 15 mg
Busulphan** Tablet** 2 mg
Cisplatin** Injection** 10 mg / vial
Cisplatin** Injection** 50 mg / vial
Cyclophosphamide** Tablet** 50mg
Cyclophosphamide** Injection** 500mg
Cytosine Arabinoside** Injection** 100 mg/vial
Cytosine Arabinoside** Injection** 500 mg/vial
Cytosine Arabinoside** Injection** 1000 mg/vial
Danazol** Capsule** 50mg
Danazol** Capsule** 100mg
Doxorubicin Hydrochloride** Injection** 10mg
Doxorubicin Hydrochloride** Injection** 50mg
Etoposide** Capsule** 100mg
Etoposide** Injection** 100 mg / 5 ml
Flutamide** Tablet** 250 mg
5-Fluorouracil** Injection** 250 mg / 5 ml
Folinic Acid** Injection** 3 mg / ml
Gemcitabine Hydrochloride** Injection** 200mg
Gemcitabine Hydrochloride** Injection** 1 g
L- Asparaginase 10000 KU** Injection** 5000 KU.
Melphalan** Tablet** 2 mg
Melphalan** Tablet** 5mg
Mercaptopurine** Tablet** 50 mg
Mercaptopurine** Injection** 100 mg / ml
Methotrexate** Tablet** 2.5, mg
Methotrexate** Injection** 50mg/ml
Mitomycin-C** Injection** 10 mg
Paclitaxel** Injection** 30 mg / 5 ml
Procarbazine Hcl** Capsule** 50 mg
Vinblastine Sulphate** Injection** 10 mg
Vincristine Sulphate** Injection** 1 mg / ml
Daunorubicin Hydrochloride** Injection** 20 mg vial
Imatinib Mesylate** Capsule** 100 mg
Hydroxyurea** Capsule** 500mg
Fludarabine Phosphate** Injection** 50mg
Rituximab** Injection** 500mg/50ml
Rituximab** Injection** 100mg/10ml
Pamidronate Disodium** Injection** 30mg
Pamidronate Disodium** Injection** 60mg
Anastrazole** Tablet** 1mg
Bicalutamide** Tablet** 50mg
Carboplatin** Injection** 150 mg vial
Carboplatin** Injection** 450 mg vial
Docetaxel** Injection** 20mg
Docetaxel** Injection** 80mg
Hyaluronidase** Injection** 1500 IU /ml
Imatinib Mesylate** Capsule** 400 mg
Leucovorin Calcium** Injection** 50mg
Methotrexate** Tablet** 5mg
Methotrexate** Tablet** 7.5mg
Methotrexate** Tablet** 10mg
Oxaliplatin** Injection** 50 mg
Thalidomide Tab** Tablet** (50mg)
Thalidomide Tab** Tablet** 100mg
L-Asparaginase 5000** Injection** 5000/10000 KU
Prednisolone (as sodium phosphate or succinate)** Injection** 25 mg
Raloxifene** Tablet** 60 mg
Tamoxifen Citrate** Tablet** 10 mg
Tamoxifen Citrate** Tablet** 20mg
Ondansetron** Tablet** 4 mg
Ondansetron** Tablet** 8mg
Ondansetron** Injection** 2mg / ml
Ondansetron** Syrup** 2mg / 5ml
GCSF  300mg (Granulocyte colony Stimulating Factor) vial** vial** 300mg
Bromocriptine Mesylate** Tablet** 1.25 mg
Bromocriptine Mesylate** Tablet** 2.5mg
Levodopa + Carbidopa** Tablet** 100 mg +10 mg
Levodopa + Carbidopa** Tablet** 250mg+25mg
Levodopa + Carbidopa** Tablet** 100mg+25mg
Benzhexol** Tablet** 2 mg
Cabregoline** Tablet** 0.5 mg
Pramipexole** Tablet** 0.25mg
Rasagiline** Tablet** 0.5mg
Ropinirole** Tablet** 2mg
Ropinirole** Tablet** 0.5mg
Amantadine** Tablet** 100mg
Cyanocobalamin** Injection** 1 mg / ml
Ferrous Salt Equivalent to 60 mg elemental Iron** Tablet** Tablets equivalent to 60 mg elemental iron
Ferrous Salt 25 mg elemental Iron (as Sulphate) / ml** Solution** 25mg elemental iron (as sulphate)/ml
Folic Acid** Tablet** 1 mg
Folic Acid** Tablet** 5mg
Iron Dextran 50 mg iron/ ml Injection 2ml** Injection** 50 mg/ ml
Pyridoxine** Tablet** 5mg
Ferrous Fumarate** Tablet** 150mg
Iron Dextran 50mg/ml Inj.3ml Ampoule** Injection** 50mg/ml
Iron Dextran F-12  Inj 3ml Ampoule** Injection** 3ml Ampoule
Folic acid + Vitamin B 12 (Vitcofol) =10ml amp has folic acid  + 15mg Inj.** Injection** 10ml amp has folic acid  + 15mg Inj
Folic Acid 15mg, Vitamin B12 500mcg, Niacinamide 200mg** Injection** Folic Acid 15mg, Vitamin B12 500mcg, Niacinamide 200mg/ml
Iron sucrose** Injection** 50mg/ml
Acenocoumarol** Tablet** 1mg
Acenocoumarol** Tablet** 2mg
Acenocoumarol** Tablet** 4mg
Heparin Sodium** Injection** 1000 IU / ml
Heparin Sodium** Injection** 5000IU/ml,
Menadione Sodium Sulphate** Tablet** 10 mg
Protamine sulfate** Injection** 10 mg / ml
Phytomenadione** Injection** 10 mg / ml
Warfarin Sodium** Tablet** 5 mg
LMW Heparin Enoxaparin 20mg** Injection** Injection
Erythropoetin** Injection** 2000IU
Tranexamic acid** Injection** 500mg/5ml
Tranexamic acid** Tablet** 250mg
Aprotinin** Injection** 14 MG/10 ML
Dalteparin** Injection** 7500 units
Erythropoetin** Injection** 3000IU
Ethamsylate** Tablet** 250mg
Ethamsylate** Tablet** 500mg
Fondaparinux 2.5mg PFS** 2.5mg PFS** 2.5mg
LMW heparin Enoxaparin 40mg** Injection** Enoxaparin 40mg
LMW heparin Enoxaparin 60mg** Injection** Enoxaparin 60mg
Protamine sulfate** Tablet** Tablet
Tranexamic acid** Tablet** 100mg
Dextran-40 Injection** Injection** 10% W/V
Dextran-70** Injection** 0.06
Fresh Frozen Plasma Injection** Injection** Injection
Hydroxyethyl Starch (Hetastarch)** Injection** 0.06
Polygeline** Injection** 0.035
Hydroxy ethyl starch 10% 500ml** ** 0.1
Albumin** Injection** 0.05
Albumin** Injection** 0.2
Cryoprecipitate** Injection** Injection
Factor VIII Concentrate Dried** Injection** Dried injection
Factor IX Complex (Coagulation Factors II, VII, IX, X) 1 mg Tablets** Tablet** 1 mg
Factor IX Complex (Coagulation Factors II, VII, IX, X) 1 mg Tablets** Tablet** 2mg
Factor IX Complex (Coagulation Factors II, VII, IX, X) Dried** Injection** Dried injection
Platelet Rich Plasma Injection** Injection** Injection
Amino acid** Infusion** 10%w/v
H D Fluid Accetate 10 Lit. Can** 10 Lit. Can** 10 Lit. Can
H D Fluid Part A 10 Lit. Can** 10 Lit. Can** 10 Lit. Can
Haemaccel 500ml** ** 500ml
Glyceryl Trinitrate 0.5 mg Sublingual** Tablet** 0.5 mg
Glyceryl Trinitrate** Injection** 5 mg / ml
Isosorbide Dinitrate** Tablet** 10mg
Isosorbide Dinitrate** Tablet** 20 mg
Metoprolol Tartrate** Tablet** 25mg
Metoprolol Tartrate** Tablet** 50mg
Metoprolol Tartrate** Injection** 1 mg/ ml
Propranolol Hydrochloride** Tablet** 10 mg
Propranolol Hydrochloride** Tablet** 40mg
Propranolol Hydrochloride** Injection** 1 mg / ml
Clopidogrel** Tablet** 75mg
Acetyl Salicylic Acid** Tablet Dispersable** 350 mg
Isosorbide Dinitrate** Tablet** 5mg
Isosorbide-5 mononitrate** Tablet** 10mg
Isosorbide-5 mononitrate** Tablet** 20 mg
Nicorandil** Tablet** 5mg
Nicorandil** Tablet** 10mg
Nitroglycerin** Injection** 1mg/ml
Nitroglycerin** Tablet** 2.5mg
Nitroglycerin** Tablet** 2.6mg
Nitroglycerin** Tablet** 6.5mg
Ranolazine** Tablet** 500mg
Adenosine** Injection** 3mg / ml
Amiodarone** Tablet** 100 mg
Amiodarone** Tablet** 200mg
Amiodarone** Injection** 50 mg/ml (3 ml ampoule)
Bretylium Tosylate** Injection** 1mg/ml
Bretylium Tosylate** Injection** 2mg/ml
Bretylium Tosylate** Injection** 4 mg / ml
Diltiazem Hydrochloride** Tablet** 30mg
Diltiazem Hydrochloride** Tablet** 60 mg
Diltiazem Hydrochloride** Injection** 5 mg/ ml
Esmolol** Injection** 10 mg / ml
Isoprenaline Hydrochloride** Injection** 2 mg / ml
Lignocaine Hcl** Injection** 0.01
Mexiletine Hydrochloride** Capsule** 50mg
Mexiletine Hydrochloride** Capsule** 150 mg
Mexiletine Hydrochloride** Injection** 25 mg / ml
Procainamide Hydrochloride** Tablet** 250 mg
Procainamide Hydrochloride** Injection** 100 mg / ml
Quinidine Sulphate** Tablet** 100 mg
Verapamil Hydrochloride** Tablet** 40 mg
Verapamil Hydrochloride** Tablet** 80mg
Verapamil Hydrochloride** Injection** 2.5 mg / ml
Esmolol** Injection** 20mg/ml 5ml vial
Amlodipine** Tablet** 2.5 mg
Amlodipine** Tablet** 5mg
Atenolol** Tablet** 50 mg
Chlorthalidone** Tablet** 25 mg
Chlorthalidone** Tablet** 50mg
Clonidine Hydrochloride** Tablet** 100mcg
Clonidine Hydrochloride** Tablet** 150mcg
Enalapril Maleate** Tablet** 2.5mg
Enalapril Maleate** Tablet** 5mg
Enalapril Maleate** Injection** 1.25 mg / ml
Losartan Potassium** Tablet** 25 mg
Losartan Potassium** Tablet** 50mg
Methyldopa** Tablet** 250 mg
Nifedipine** Capsule** 5mg
Nifedipine** Capsule** 10 mg
Nifedipine** Tablet** 10 mg
Nifedipine** Tablet** 20mg
Nifedipine Sustained Release** Capsule/Tablet** 10mg
Nifedipine Sustained Release** Capsule/Tablet** 20mg
Sodium Nitroprusside** Injection** 50mg/5ml
Terazosin** Tablet** 1 mg
Terazosin** Tablet** 2mg
Terazosin** Tablet** 5mg
Amilodipine 5mg + Atenolol 50mg** Tablet** 5mg + 50mg
Atenolol 50mg + Chlorthiazide 12.5mg Tablet** Tablet** 50mg +  12.5mg
Enalapril+ Amilodipine** Tablet** Enalapril 5mg + Amilodipine 5mg
Losartan 50mg + Hydrochlorthiazide 12.5mg** Tablet** 50mg + 12.5mg
Losartan 50mg + Amilodipine 5mg** Tablet** 50mg + 5mg
Lisinoprin 5mg + Amilodipine 5mg** Tablet** 5mg +  5mg
Bisoprolol Fumarate** Tablet** 5mg
Ramipril** Tablet** 2.5mg
Ramipril** Tablet** 5mg
Labetalol Hydrochloride** Tablet** 10mg
Clonidine** Injection** 150mg/ml
Labetalol** Injection** Injection
Labetalol** Tablet** 100mg
Labetalol** Tablet** 200mg
Lercanidipine** Tablet** 10mg
Lisinopril** Tablet** 5mg
Lisinopril** Tablet** 10mg
Nebivolol** Tablet** 5mg,
Olmesartan Medoxomil** Tablet** 20mg
Olmesartan Medoxomil** Tablet** 40mg
perindopril** Tablet** 2mg
perindopril** Tablet** 4mg
perindopril** Tablet** 8mg
Phenoxybenzamine** Injection** 50mg/ml
Prazosin** Tablet** 2.5mg
Prazosin** Tablet** 5mg
Ramipril** Tablet** 10mg
Telmisartan** Tablet** 20mg
Telmisartan** Tablet** 40mg
Trimetazidine** Tablet** 35mg
Valsartan** Tablet** 80mg
Digoxin** Tablet** 0.25 mg
Digoxin** Injection** 0.25 mg / ml
Digoxin  Paediatric Solution** Solution** 0.05 mg / ml
Dobutamine** Injection** 50mg/ml
Dopamine Hydrochloride** Injection** 40mg/ml
Carvedilol** Tablet** 3.125mg
Carvedilol** Tablet** 6.25mg
Carvedilol** Tablet** 12.5mg
Carvidol** Tablet** 3.125 mg
Milrinone** Injection** 1mg/ml
Acetyl Salicylic Acid** Tablet Dispersable** 75mg
Acetyl Salicylic Acid** Tablet Dispersable** 100mg
Streptokinase** Injection** 750000 IU
Streptokinase** Injection** 15,00,000  IU
Urokinase** Injection** 5,00,000 IU / ml
Urokinase** Injection** 10,00,000IU/ml
Tenecteplase** injection** 50 mg
Atorvastatin** Tablet** 5 mg
Atorvastatin** Tablet** 10 mg
Fenofibrate** Tablet** 145mg
Fenofibrate** Tablet** 160mg
Rosuvastatin** Tablet** 5mg
Rosuvastatin** Tablet** 10mg
Rosuvastatin** Tablet** 20mg
Simvastatin** Tablet** 10mg
Simvastatin** Tablet** 20mg
Compound Benzoic Acid** Ointment** 
Miconazole Nitrate** Cream** 0.02
Aciclovir** Cream** 0.05
Framycetin Sulphate** Cream** 0.01
Methylrosanilinium Chloride (Gentian Violet)** Aqueous Solution** 0.005
Neomycin +Bacitracin (5 mg + 500 IU )** Ointment** 5 mg + 500 IU
Povidone Iodine** Ointment** 0.05
Silver Nitrate** Lotion** 0.1
Silver Sulphadiazine Sterile** Cream** 500gm Jar
Silver Sulphadiazine  Sterile** Cream** 0.01
Povidone Iodine** Cream** 5%w/w
Povidine Iodine** mouth wash** 2%,100ml
Povydine iodine** solution for scrubing** 0.075
Betamethasone Dipropionate** Ointment** 0.0005
Calamine Lotion** Lotion** Lotion
Calamine powder 500 gm** Powder** 500 gm
heparin & Nicotamide** Oinment** Oinment
Lanolin 500 gm** oint** 500 gm
Salicylic acid powder 500 gm** Powder** Powder
Zinc Oxide Dusting Powder** Powder** Dusting Powder
Gum Paint 20gm** Lotion** Lotion
Coal Tar** Solution** 0.05
Dithranol** Ointment** 0.02
Glycerin 500ml** Solution** 
Salicylic Acid** Solution** 0.05
Coal tar 6%+salicylic acid 3%** Ointment** 6%+5%
Benzyl Benzoate** Emulsion** 0.25
Lindane Application** Application** Application
Permetharin** Cream** 0.05
Permetharin** lotion** 0.01
Permetharin** lotion** 0.05
distrilled Water 5 Lit. Can** Can** 5 Lit. Can
Vaseline (soft paraffin )** Jar** 500g
Lignocaine Hcl** Topical** 2-5%
Tropicamide** Eye Drop** 0.01
Fluorescein** ** 2% 3ml
Barium Sulphate for Suspension** ** 250% w/v
Barium Sulphate** Suspension** 100% w/v
Calcium Ipodate** Injection** 3 g
Meglumine Iothalamate 60% w/v (iodine = 280 mg / ml)** Injection** 60% w/v (iodine =280 mg / ml)
Meglumine Iotroxate 5-8 g iodine** Solution** 5-8 g iodine in 100-250 ml
Propyliodone 500-600 mg / ml Oily,** Suspension** 500-600 mg / ml
Sodium Iothalamate 70% w/v (Iodine = 420 mg / ml) I** Injection** Sodium Iothalamate 70% w/v (Iodine = 420 mg / ml)
Sodium Meglumine Diatrizoate 60% w/v (Iodine conc. = 292 mg / ml)** Injection** 60% w/v(Iodine conc.=292 mg / ml)
Sodium Meglumine Diatrizoate 76% w/v (Iodine conc. =370 mg / ml)** Injection** Sodium Meglumine Diatrizoate 76% w/v (Iodine conc. =370 mg/ ml)
Gadobenate demeglumine** Injection** 334mg
Gadobenate demeglumine** Injection** 469mg
Gadodiamide** Injection** 287mg
Acriflavin+Glycerin** Solution** Solution
Compound Benzoin** Tincture** Tincture
Cetrimide** Solution** 20%(conc. For dilution)
Chlorhexidine Gluconate** Solution** 5% (conc. for dilution)
Ethyl Alcohol** Solution** 0.7
Gentian Violet** Solution(topical )** 0.005
Gentian Violet** Solution(topical )** 0.01
Hydrogen Peroxide** Solution** 0.06
Povidone Iodine** Solution** 5%w/w
Povidone Iodine** Solution** 10%w/w
Chlorhexidine Gluconate** Mouthwash** 0.0012
Chlorhexidine Gluconate** Gel** 0.01
Chlorhexidine Gluconate + Sodium Fluoride+Zinc Chloride** Mouthwash** 0.2% +0.05% +0.09%
Bleaching Powder 25Kg** Powder** Contains not less than 30 % w/w of available chlorine (as per I.P)
Formaldehyde** Solution** Dilute 34 ml of formaldehyde solution with water to produce 100 ml (As per I.P)
Glutaraldehyde** Solution** 0.02
Potassium Permanganate Crystals for solution** Crystal** Crystals for solution
Boric acid powder 500 gm** Powder** 500 gm
Formaldehyde** Tablet** 1 gm
Frusemide** Injection** 10 mg/ ml
Frusemide** Tablet** 40 mg
Hydrochlorothiazide** Tablet** 25 mg
Mannitol** Injection** 0.1
Mannitol** Injection** 0.2
Spironolactone** Tablet** 25mg
Frusemide 20 mg + Amiloride 5mg** Tablet** Frusemide 20 mg + Amiloride 5mg
Hydrochlorthiazide 50mg + Amiloride 5mg** Tablet** 50mg + 5mg
Frusemide  20mg + Spironolactone 50mg** Tablet** Frusemide  20mg + Spironolactone 50mg
Troamterene 50mg + Benzthiazide 25mg** Tablet** 50mg + 25mg
Torsemide** Tablet** 10mg
Hydrochlorothiazide** Tablet** 12.5mg
Torsemide** Tablet** 5mg
Torsemide** Tablet** 20mg
Trosaemide(scored  )** Tablet** 20 mg
Metolazone** Tablet** 5mg
Indapamide** Tablet** 2.5mg
Indapamide** Tablet** 1.5mg
Alumina and Magnesia** Tablet** 250mg+250mg
Alumina and Magnesia** Suspension** 250mg+250mg/ 5ml
Omeprazole** Capsule** 10 mg
Omeprazole** Capsule** 20mg
Omeprazole** Capsule** 40mg
Ranitidine Hydrochloride** Tablet** 150mg
Ranitidine Hydrochloride** Tablet** 300mg
Ranitidine Hydrochloride** Injection** 25mg/ml
Pantoprazole** Tablet** 40mg
Pantoprazole** Injection** 40mg
Charcoal** Tablet** 250mg
Dried aluminium hydroxide gel 300mg, magnesium aluminium silicate hydrate 50mg, magnesium hydroxide 25 mg** Tablet** 300mg +50mg +25mg
Liq. Paraffin 3.75 ml+milk of magnesia 11.25 ml per 15 ml** Liquid** 3.75 ml+ 11.25 ml/15ml
Pantoprazole** Tablet** 20mg
Rabeprazole** Tablet** 20mg
Simethicone  +activated charcol** Tablet** Simethicone 80 mg+activated charcol 250 mg
Domperidone** Tablet** 10mg
Domperidone** Syrup** 1 mg / ml
Metoclopramide Hydrochloride** Tablet** 10 mg
Metoclopramide Hydrochloride** Syrup** 5 mg / 5ml
Metoclopramide Hydrochloride** Injection** 5 mg / ml
Prochlorperazine Maleate** Tablet** 5mg
Prochlorperazine Maleate** Tablet** 25 mg
Promethazine Hcl** Tablet** 10mg
Promethazine Hcl** Syrup** 5mg/5ml
Promethazine Hcl** Injection** 2.5 % ,2ml
Itopride Hcl** Tablet** 50mg
5- Aminosalicylic Acid** Tablet** 400 mg
Dicyclomine Hydrochloride** Tablet** 10mg
Dicyclomine Hydrochloride** Injection** 10 mg / ml
Hyoscine Butyl Bromide** Tablet** 10 mg
Hyoscine Butyl Bromide** Injection** 20 mg / ml
Dicyclomine 10mg + Diclofenac 25mg** Injection** 10mg + 25mg
Drotaverine** Injection** 2ml
Mefenamic acid  + Dicylomine** Tablet** Tablet
Mebeverine** Tablet** 135mg
Mebeverine** Tablet** 200mg
Bisacodyl** Tablet** 5 mg
Bisacodyl** Suppositories** 5mg
Ispaghula Husk** ** Granules
Liquid lactulose (lactulose 10gm/15ml )** Liquid** 10gm/15ml
Sodium Picosulphate** Tablet** 10mg
Sodium Picosulphate** Tablet** 20mg
Furazolidone** Tablet** 100 mg
Furazolidone** Suspension** 25 mg / 5 ml
Loperamide Hcl (Contraindicated for paediatric use)** Capsule** 2 mg
Lansoprazole 30mg + Tinidazole 500mg + Clarithromycin 250mg** Tablet** 30mg +  500mg + 250mg
Racecadotril** Capsule** 100mg
Zinc Sulphate Syp  Containing Elemental Zinc** Syrup** 20mg/5ml
Local Anaesthetic, Astringent and Anti- inflammatory Medicines** Ointment/Suppos itories** 
Methylprednisolone Acetate** Injection** 40 mg/ ml
Prednisolone** Tablet** 5 mg
Prednisolone** Injection** 20 mg
Testosterone  (asundecanoate)** Capsule** 40 mg
Testosterone (propionate)** Injection** 25mg/ml(as propionate)
Ethinylestradiol + Levonorgesterol  .03 mg+0.15 mg** Tablet** .03 mg +0.15 mg
Ethinylestradiol +Norethisterone 0.035 mg+1.0 mg Tablets** Tablet** 0.035 mg +1mg
Hormone Releasing IUD (Levonorgesterol Releasing IUD )** (Levonorgesterol Releasing IUD** IUD
DMPA** Injection** 50mg/ml
DMPA** Injection** 150mg/ml
Centchroman** Tablet** 30 mg
Ethinyl estradiol** Tablet** 0.01mg
Ethinyl estradiol** Tablet** 0.05mg
Equine Conjugated Estriol** Tablet** 0.625mg
Divigel- Estradiol Gel 0.1%, Single Use Patch** Gel 0.1%, Single Use Patch** 0.001
Estradiol Valerate** Tablet** 1mg
Estroli Cream** Cream** Cream
Ethinyl estradiol +Drospire** Tablet** Tablet
Glibenclamide** Tablet** 2.5 mg
Glibenclamide** Tablet** 5mg
Insulin (Soluble)** Injection** 40 IU / ml
Isophane Insulin** Injection** 40IU/ml
Metformin** Tablet** 500mg
Glucagon** Injection** 1 mg / ml
Glimepride 1mg + Metformin 500mg Tablet** Tablet** 1mg + 500mg
Glibenclamide 5 mg  + Metformin 500mg** Tablet** 5 mg  + 500mg
Poiglitazone  + Metformin** Tablet** Poiglitazone 15mg + Metformin 500mg
Rosiglitazone  + Metformin** Tablet** Rosiglitazone 2mg  + Metformin 500mg
Glipizide 5mg + Metformin 500mg** Tablet** 5mg + 500mg
Gliclazide 80mg + Metformin 500mg** Tablet** 80mg + 500mg
Human Insulin 50/50** Injection** 40IU/ml
Human Insulin 30/70** Injection** 40IU/ml
Human Insulin 30/70** Injection** 100IU/ml
Glimepride** Tablet** 1mg
Glimepride** Tablet** 2mg
Gliclazide** Tablet** 80mg
Glipizide** Tablet** 5mg
Repaglinide** Tablet** 0.5mg
Acarbose** Tablet** 50 mg
Acarbose** Tablet** 25mg
Gliclazide** Tablet** 30mg
Gliclazide** Tablet** 60mg
Glimepride** Tablet** 3mg
Pioglitazone** Tablet** 15mg
Pioglitazone** Tablet** 30mg
Voglibose** Tablet** 0.2mg
Voglibose** Tablet** 0.3mg
Miglitol** Tablet** 50mg
Miglitol** Tablet** 25mg
Clomiphene Citrate** Tablet** 50mg
Clomiphene Citrate** Tablet** 100mg
GnRh Analogue Injection Leuprolide Acetate 3.75mg** Injection** 3.75mg
FSH 200 International Unit/ml** Injection** FSH 200 International Unit/ml
HCG** Injection** 5000IU/ml
Medroxy Progesterone Acetate** Tablet** 5mg
Medroxy Progesterone Acetate** Tablet** 10 mg
Norethisterone** Tablet** 5 mg
Hydroxyprogesterone Caproate** Injection** 250mg/ml
Dihydrogesterone** Tablet** 10mg
Carbimazole** Tablet** 5mg
Carbimazole** Tablet** 10 mg
Thyroxin Sodium** Tablet** 100mcg
Aqueous Iodine Oral Solution** Solution** 8 mg / 5 ml
Levothyroxine Sodium** Tablet** 50µg
Levothyroxine Sodium** Tablet** 100 µg
Thyroxin Sodium** Tablet** 25mcg
Thyroxin Sodium** Tablet** 50mcg
Tuberculin, Purified Protein Derivative** Injection** 1 TU
Tuberculin, Purified Protein Derivative** Injection** 5 TU
Anti-D Immunoglobulin (Human)** Injection** 300 µg
Antitetanus Human Immunoglobin** Injection** 250 IU
Antitetanus Human Immunoglobin** Injection** 500IU
Diphtheria Antitoxin** Injection** 10,000 IU
Rabies Immunoglobulin** Injection** 150 IU / ml
IVIG (Intravenous Immunoglobulin ) Inj** Injection** Injection
Rh Anti D Immunoglobulin  (Human)** Injection** 150mg
Antigas Gangrene Serum (AGGS )** Injection** 10000 IU
Anti Rabies Serum** Injection** 300 IU/ml
Human Immunoglobulin** ** 5gm /100ml
B.C.G Vaccine Injection (Freeze Dried) 20 doses** Injection** injection
D.P.T Vaccine -10 doses** Injection** Injection
Hepatitis B Virus Vaccine** Injection** Injection
Measles Vaccine (Live Attenuated)** Injection** Injection
Oral Poliomyelitis Vaccine (Live Attenuated) Solution 20 doses** Injection** Solution
Yellow Fever Vaccine (5/10 doses)** ** (5/10 doses)
Rabies Vaccine Human (Cell Culture)** Injection** Injection
Tetanus Vaccine (Adsorbed)** Injection** Injection
Anti Rabies Vaccine (TCARV) 2.5 IU/0.5ml (Single dose ) (0.5ml)Serum 300 IU/ml (5ml)** Injection** 2.5 IU/0.5ml
Anti Rabies Vaccine (TCARV) 2.5 IU/0.5ml (Single dose ) (0.5ml)Serum 300 IU/ml (5ml)** Injection** 300 IU/ml (5ml )
Atracurium Besylate** Injection** 10 mg / ml
Neostigmine Bromide** Tablet** 15 mg
Neostigmine Methylsulphate** Injection** 0.5 mg/ ml
Pancuronium Bromide** Injection** 2 mg/ml
Pyridostigmine Bromide** Tablet** 60 mg
Pyridostigmine Bromide** Injection** 1 mg / ml
Succinyl Choline Chloride** Injection** 50 mg/ ml
Vecuronium bromide 4mg/2ml 2ml** Injection** 2mg/ml
Chloramphenicol** Eye Drops** 0.004
Chloramphenicol** Eye Ointment** 0.01
Ciprofloxacin Hydrochloride 0.3%** Eye Drop/ Ointment** 0.003
Gentamicin Sulphate** Drops** 0.003
Miconazole** Eye Drop** 0.01
Povidone Iodine** Eye Drop** 0.006
Sulphacetamide Sodium** Eye Drop** 0.1
Sulphacetamide Sodium** Eye Drop** 0.2
Tetracycline Hydrochloride** Ointment** 0.01
Tobramycin 0.3% + Dexamethsone 0.1%** Eye Drop** 0.3% +0.1%
Ofloxacin 0.3% + Prednisolone Acetate** Eye Drop** Ofloxacin 0.3% + Prednisolone Acetate
Tobramycin 0.3% + Dexamethsone 0.1%** Eye Ointment** 0.3% + 0.1%
Moxifloxacin** Eye Drop** 0.005
Tobramycin** Eye Drop** 0.003
Ofloxacin** Eye Drop** 0.003
Naphazoline Chlorphenaramine + Zinc Sulphate + HPMC** Eye Drop** Eye Drop
Natamycin** Eye Drop** 0.05
Ketotifen** Eye Drop** Eye Drop
Sodium Cromoglycate** Eye Drop** 0.04
Polyvinyl Alcohol 1.4% + Povidone 0.6%** Eye Drop** Polyvinyl Alcohol 1.4% + Povidone 0.6%
Aciclovir** Eye Oint.** 0.03
Fluconazole** Eye Drop** 0.003
Ciprofloxacin Hcl + dexamethasone** Ear Drop** 0.03%+0.1%
Icthyol glycerine ar drop** Drop** Drop
p-dichlorobenzene 2%+benzocaine2.7%+chlorbutol 5%+terpentine oil 15% 10 ml drop** Drop** p-dichlorobenzene 2%+benzocaine2.7%+chlorbutol 5%+terpentine oil 15%
Polymixin B SULPHATE+NEOMYCIN SULPHATE** Eye Ointment** 5000UNIT +1700 UNIT
Polymixin B SULPHATE+NEOMYCIN SULPHATE** Powder** 5000UNIT +1700 UNIT
Polymixin B SULPHATE+NEOMYCIN SULPHATE** Skin Ointment** 5000UNIT +1700 UNIT
Clotrimazole** Ear Drop** 0.01
Prednisolone Acetate** Drop** 0.001
Prednisolone Sodium Phosphate** Drop** 0.01
Xylometazoline Hydrochloride** Nasal Drop** 0.0005
Xylometazoline Hydrochloride** Nasal Drop** 0.001
Ketorolac** Eye Drop** 0.005
Alkaline nasal powder** Powder** 
Betamethasone** Eye /Ear Drop** 0.5mg/ml
Oxymetazoline Hcl** Nasal Drop** 0.0005
Tetracaine Hydrochloride** Drop** 0.005
Lignocaine** Eye Drop** 0.04
Paracain** Eye Drop** 0.005
Proparacaine** Eye Drop** 0.005
Acetazolamide** Tablet** 250 mg
Betaxolol Hydrochloride** Ophthalmic Solution** 0.0025
Betaxolol Hydrochloride** Ophthalmic Solution** 0.005
Pilocarpine** Eye Drop** 0.02
Pilocarpine** Eye Drop** 0.04
Timolol Maleate** Eye Drop** 0.0025
Timolol Maleate** Eye Drop** 0.005
Latanoprost** Eye Drop** 0.0005
Brimonidine** Eye Drop** 0.2% W/v
Apraclonidine** Eye Drop** 0.01
Dorzolamide** Eye Drop** 0.02
Travoprost 0.0045 Eye drop** Eye Drop** 0.000045
Atropine Sulphate** Ointment(Eye )** Drops/Ointment 1%
Homatropine Hydro bromide** Eye Drop** 0.02
Phenylephrine Hcl** Opthalmic solution** 0.05
Tropicamide 0.8% + Phenylephrine 5%** Eye Drop** 0.8% + 5%
Phenylephrine Hcl** Opthalmic solution** 0.1
Hdroxy propyl methyl cellulose** ** 0.02
Normal Saline** Nasal Drop** 0.009
Flurbiprofen Sodium** Eye Drop** 0.03%  w/v
Sodium Chloride** Eye Drop** 0.05
Sodium Chloride** Eye Ointment** 0.06
Methyl Cellulose** Injection** 0.02
Carboxymethyl Cellulose (CMC)** Lubricant Eye Drop** 0.005
Carboxymethyl Cellulose (CMC)** Lubricant Eye Drop** 0.01
HPMC 2% + NACL + KCL + CACL2** Eye Ointment** Eye Ointment
Methyl Ergometrine Maleate** Tablet** 0.125 mg
Methyl Ergometrine Maleate** Injection** 0.2 mg / ml
Mifepristone** Tablet** 200 mg
Oxytocin** Injection** 5IU/ml
Oxytocin** Injection** 10 IU / ml
Misoprostol** Tablet** 100 mcg
Misoprostol** Tablet** 200 Mcg
Ritodrine** Injection** 10mg/ml
Isoxsuprine Hydrochloride** Tablet** 10 mg
Isoxsuprine Hydrochloride** Injection** 5 mg / ml
Terbutaline Sulphate** Tablet** 2.5 mg
Terbutaline Sulphate** Injection** 0.5 mg / ml
Ritodrine** Tablet** Tablet
Betamethasone** Injection** 4 mg
Intraperitoneal Dialysis Solution (of approximate composition)** Solution** Of Approximate Composition
C A P D Fluid** ** 0.015
Peritoneal Dialysis Fluid 5 lit. Can** Fluid** 5 lit. Can
Peritoneal Diglysis Fluid iu 1.7% Dextrose** Fluid** 0.017
Chlorpromazine Hydrochloride** Tablet** 25mg
Chlorpromazine Hydrochloride** Tablet** 50mg
Chlorpromazine Hydrochloride** Tablet** 100 mg
Chlorpromazine Hydrochloride** Syrup** 25 mg / 5 ml
Chlorpromazine Hydrochloride** Injection** 25 mg / ml
Haloperidol** Tablet** 1.5 mg
Haloperidol** Tablet** 5mg
Haloperidol** Tablet** 10mg
Haloperidol** Injection** 5 mg / ml
Trifluoperazine Hydrochloride** Tablet** 5mg
Trifluoperazine Hydrochloride** Tablet** 10 mg
Fluphenazine deconate 25mg/ml (1ml)** ** 25mg/ml
Haloperidol  long acting** Tablet** 50 mg
Liquid Resperidone 1mg.** Liquid** 1mg.
Olanzapine** Injection** 10mg
Olanzapine** Tablet** 5mg
Olanzapine** Tablet** 10mg
Risperidone** Tablet** 1mg
Risperidone** Tablet** 2mg
Amitriptyline Hydrochloride** Tablet** 25 mg
Fluoxetine Hydrochloride** Capsule** 20 mg
Imipramine Hydrochloride** Tablet** 25 mg
Imipramine Hydrochloride** Tablet** 75mg
Dothiepin** Tablet** 25mg
Dothiepin** Tablet** 75mg
Sertaline** Tablet** 50mg
Sertaline** Tablet** 100mg
Tianeptine** Tablet** 12.5mg
Trazadone** Tablet** 50mg
Mirtazapine** Tablet** 15mg
Clozapine** Tablet** 25mg
Clozapine** Tablet** 100mg
Lamotrigine** Tablet** 5 mg
Lamotrigine** Tablet** 25mg
Lithium Carbonate** Tablet** 300 mg
Quetiapine** ** 25mg
Quetiapine** ** 50mg
Trazadone** Tablet** 100 mg
Alprazolam** Tablet** 0.25 mg
Alprazolam** Tablet** 0.5mg
Diazepam** Tablet** 2 mg
Diazepam** Tablet** 5 mg
Nitrazepam** Tablet** 5mg
Nitrazepam** Tablet** 10 mg
Clomipramine Hydrochloride** Capsule** 10mg
Clomipramine Hydrochloride** Capsule** 25mg
Betahistine** Tablet** 8mg
Betahistine** Tablet** 16mg
Clobazam** Tablet** 5mg
Clobazam** Tablet** 10mg
Clonazepam** Tablet** 0.5mg
Escitalopram** Tablet** 10mg.
Etizolam** Tablet** 5mg
Lorazepam** Tablet** 1 mg
Lorazepam** Injection** 2mg/ml
Tricofos oral solution** oral solution** 500mg/5ml
Zolpidem** Tablet** 5mg
Zolpidem** Tablet** 10mg
Aminophylline** Injection** 25 mg / ml
Beclomethasone Dipropionate** Inhaler** 50mg /dose  Iinhaler- 200MD
Beclomethasone Dipropionate** Inhaler** 250 mg/dose Iinhaler- 200MD
Hydrocortisone Sodium Succinate** Injection** 100 mg
Hydrocortisone Sodium Succinate** Injection** 200mg
Hydrocortisone Sodium Succinate** Injection** 400mg
Salbutamol Sulphate** Tablet** 2 mg
Salbutamol Sulphate** Tablet** 4mg
Salbutamol Sulphate** Syrup** 2 mg / 5 ml
Salbutamol** Inhaler** 100 mcg / dose
Theophyllin** Tablet** 100 mg
Theophyllin** Tablet** 200mg
Ipratopium 20mcg + Salbutamol 100mcg** Inhaler** 20mcg + 100mcg
Formetrol 6mcg + Budesonide 200mg** Inhaler** 200mg
Beclomethasone** Inhaler** 100mcg Inhaler 200MD
Beclomethasone** Inhaler** 200mcg Inhaler 200MD
Fluticasone** Inhaler** 125mcg
Budesonide** Inhaler** 200mcg
Respules of salbutamol** Respules** 2.5 mg
Respiratory Solution  of Salbutamol** Solution** 2.5mg
Theophyllin Sustained release** Tablet** 150mg
Theophyllin Sustained release** Tablet** 300mg
Theophyllin Sustained release** Tablet** 450mg
Ipratopium 500mcg + Salbutamol 2.5mg** Injection** 500mcg +  2.5mg
Ipratopium 500mcg + Salbutamol 2.5mg** Respiratory Solution** 500mcg +  2.5mg
Salbutamol  + Beclomethasone** Inhaler** Salbutamol 100mg + Beclomethasone 50mcg
Salmetrol  + Fluticasone** Inhaler** Salmetrol 50mcg + Fluticasone 100mcg
Montelukast** Tablet** 10mg
Salmetrol** Inhaler** 25mcg
Formeterol** Inhaler** 12mcg
Ipratopium** Inhaler** 20mcg
Tiotropium** Inhaler** 9mcg Inhaler 120MDI
Salbutamol Rotacap** Rotacap** 200mcg
Salbutamol Rotacap** Rotacap** 50mcg
Ipratopium Rotacap** Rotacap** 40mcg
Formeterol** Rotacap** 12mcg
Tiotropium Rotacap** Rotacap** 18mcg
Beclomethasone Rotacap** Rotacap** 100mcg
Beclomethasone Rotacap** Rotacap** 200mcg
Budesonide  Rotacap** Rotacap** 200mcg/puff
Budesonide  Rotacap** Rotacap** 400mcg/puff
Mometasone furoate** Nasal spray** 50mcg
Levosalbutamol** Syrup** 1mg/5ml
Bivine/Synthetic Surfactant 3ml/8ml** ** 3ml/8ml
Bromhexine Hcl** Tablet** 8 mg
Bromhexine Hcl** Syrup** 4mg/5ml
Budesonide  Rotacap** Rotacap** 100mcg/puff
Budesonide Resp. suspeicsion** Respules** 0.5 mg/2ml
Budesonide solution** Solution** 1mg/2ml
Dextramethorphan** Syrup** 30mg/5ml
Doxofyline** Tablet** 400mg
Ipratropium bromide** Solution** 250 mcg/ml
Ipratropium Bromide Neb Solution** Solution** 250 mg/ ml,
Mistabron(mucolytic agent )** Injection** 600mg/3ml
Montelukast Sodium** Tablet** 5mg
Salbutamole Respirater** Respirator** 50% 5mg/ml
Theophylline  long acting** Tablet** 400 mg
Theophyllin +Etophylline** Tablet** Theophyllin 23 mg+Etophylline 77mg
Theophyllin +Etophylline** Tablet** Theophyllin+Etophylline 69mg+231mg
Theophyllin +Etophylline** Injection** 50.6mg+169mg /2ml
Tiotropium bromide 20mcg /puff (200MD )** Inhaler** 20mcg /puff (200MD )
Codeine Phosphate** Tablet** 10mg
Codeine Phosphate** Syrup** 15 mg / 5 ml
Dextromethorphan** Tablet** 30mg
Oral Rehydration Salts** Sachet** Detrose(anhydrous):13.5 g/L, Sodium chloride: 2.6 g/L, Potassium chloride:1.5 g/L, Sodium citrate : 2.9 g/L, Powder for dilution in 200ml; 500 ml; 1000ml. (As per I.P)
Di-sodium hydrogen Citrate** Liquid** 1.4gm/5ml
Dextrose** Injection** 5% isotonic
Sodium Chloride  and Dextrose** Injection** Sodium Chloride 0.9% and Dextrose 5%
Normal Saline (0.9%)** Injection** Normal Saline 0.9%
Normal Saline  N/2** Injection** N/5 Saline
Normal Saline  N/5** Injection** N/2Saline
Potassium Chloride** Injection** 11.2%.
Ringer Lactate (Compound Sodium Lactate Injection)500ml** Injection** As per IP
Sodium Bicarbonate** Injection** Injectio as per IP
Dextrose** Injection** 0.1
Dextrose** Injection** 15%.
Fat emulsion** (infusion )** 0.1
Multielectrolyte p + 5% Dextrose** ** Multielectrolyte p + 5% Dextrose
Sodium Chloride** Injection** 3%,50ml
Paediatric Maintenance Infusion Isolyte-P** Infusion** 500ml
Water for Injection** Injection** 2ml
Water for Injection** Injection** 5ml
Water for Injection** Injection** 10ml
Ascorbic Acid** Tablet** 100 mg
Ascorbic Acid** Tablet** 500mg
Calcium Gluconate** Tablet** 250 mg
Calcium Gluconate** Tablet** 500mg
Multivitamins (As per Schedule V)** Tablet** Tablet
Nicotinamide** Tablet** 50 mg
Pyridoxine** Tablet** 25mg
Riboflavin** Tablet** 5 mg
Thiamine Hydrochloride** Tablet** 100 mg
Vitamin A** Tablet** 5000 IU
Vitamin A** Capsule** 100,000 IU
Vitamin A** Capsule** 50000IU
Vitamin A** Injection** 50,000 IU / ml
Vitamin D (Ergocalciferol)** Capsule** 0.25mg
Vitamin D (Ergocalciferol)** Capsule** 1mg
Elemental Calcium 500mg + Vitamin D3 250IU Granules** Granules** 500mg +  250IU
Vitamin E** Capsule** 100mg
Vitamin E** Capsule** 200mg
Vitamin E** Capsule** 400mg
Methyl Cobalamine** Tablet** 500mg
Calcium Syp Containing Elemental Calcium** Syrup** 250mg/5ml,
Alpha Calcidol** Capsule** 0.25 mcg
B-complex ( Prophylactic) Tablet** Tablet** Tablet
B-complex (B1 -10 mg , B2--1mg , B6--1mg , B12-5mcg , nicotinamide -20mg , Cal.Pantothenol -2.5mg ) tab/cap** Tablet /Capsule** (B1 -10 mg , B2--1mg, B6--1mg , B12-5mcg, nicotinamide -20mg , Cal.Pantothenol - 2.5mg )
B-complex (B1 -5 mg , B2--2.5mg , B6--1.5mg, B12-5mcg , nicotinamide -50mg , D- Pantothenol -5mg ) /5ml** Syrup** (B1 -5 mg , B2--2.5mg, B6--1.5mg , B12-5mcg , nicotinamide - 50mg , D-Pantothenol-5mg ) /5ml
Calcium Acetate** Capsule / Tablet** 667mg
Calcium carbonate** Tablet** 250 mg
Calcium carbonate** Tablet** 500 mg
Cholecaliceral satchet** Injection** 600000 IU
High protein powder** Powder** Powder
Multivitamin** Drop** Drop
Multivitamin** Injection** Injection
Pyridoxine** Tablet** 10 mg
Vitamin A&D cap** Soft gelatine Capsule** 25,000 i.u. and1000 i.u.)
Vitamin D** Injection** 600,000 IU.
Vitamin K (menadione  sod. Bisulphate )** Injection** 10mg  /ml
Vitamin K** Injection** 10mg/ml
Zinc** Tablet** 25mg
Baclofen** Tablet** 10 mg
Donepezil** Tablet** 5mg
Mecobalamine** Tablet** 500mcg
Memantine** Tablet** 10mg
Mephentermine** Injection** 30mg/ml
Rocuronium Bromide** Injection** 100mg/ ml
Natural Bovine Surfactant (Intratracheal Suspeusion) 8ml Bottel** (Intratracheal Suspeusion)** 8ml Bottel
Nicergoline** Tablet** 30mg
Nimodipine** Tablet** 30mg
Noradrenaline** Injection** 4mg/ml
Normal Saline** Irrigation Solution** 2000ml
Octreotide** Injection** 500mcg
parantral nutrition suppliment  (oliclinomel N 4 550 )** ** (oliclinomel N 4 550 ) 2000 ML
Pentoxyfylline** Tablet** 400mg
Pentoxyfylline** Tablet** 1000mg
Potassium Chloride** Syrup** 1.5gm/15ml or 3gm/30ml
Potassium Chloride** Injection** 150mg/10ml
Acetretin** Tablet** 25 mg
Prostaglandin E 1** Powder for injection, lyophilized** 6.15 mcg (5 mcg/mL)
Trypsin + chymotrypsin (equivalent to 100000 units of enzymatic activity )** tablet** 100000 units
Ursodeoxycholic Acid** Tablet** 300mg
Vasopressin** Injection** 20 IU
Citicoline** Tablet** 500mg
Betahistine** Tablet** 24mg
Magnesium Sulphate** Lotion** 50% w/v/1ml
Glucose in glycerin 25%** ** 0.25
Alfuzosin** Tablet** 10mg
Tamsulosin** Tablet** 0.4mg